﻿<?xml version="1.0" encoding="utf-8"?>
<Objects>
  <Object Type="System.Management.Automation.PSCustomObject">
    <Property Name="Destination" Type="System.String">N/A</Property>
    <Property Name="Subfolder" Type="System.String">N/A</Property>
    <Property Name="FileName" Type="System.String">N/A</Property>
    <Property Name="OriginalDate" Type="System.String">15-06-25 07:57:00</Property>
    <Property Name="ReplacementDate" Type="System.String">No ejecutado</Property>
    <Property Name="State" Type="System.String">Error: Rutas de origen/destino inválidas.</Property>
  </Object>
</Objects>
